branch_id,bank,address,metro
1,Frost Bank,"10915 Pecan Park Blvd, Austin, TX 78750",Austin
2,Frost Bank,"401 Congress Ave., Austin, TX 78701",Austin
3,Frost Bank,"1206 W 38th St Suite 1101, Austin, TX 78705",Austin
4,Frost Bank,"111 E Anderson Ln, Austin, TX 78752",Austin
5,Frost Bank,"605 W Canyon Ridge Dr, Austin, TX 78753",Austin
6,Frost Bank,"2421 E 7th St, Austin, TX 78702",Austin
7,Frost Bank,"5800 N Mopac Expy, Austin, TX 78731",Austin
8,Frost Bank,"1200 Barbara Jordan Blvd Suite 200, Austin, TX 78723",Austin
9,Frost Bank,"2425 Exposition Blvd, Austin, TX 78703",Austin
10,Frost Bank,"4301 W William Cannon Dr Building I, Austin, TX 78749",Austin
11,Frost Bank,"5510 I-35 Ste 310, Austin, TX 78745",Austin
12,Frost Bank,"2710 La Frontera Blvd, Round Rock, TX 78681",Austin
13,Frost Bank,"1450 E Whitestone Blvd, Cedar Park, TX 78613",Austin
14,Frost Bank,"12532 FM2244 Suite 150, Bee Cave, TX 78738",Austin
15,Wells Fargo Bank,"13749 Research Blvd, Austin, TX 78750",Austin
16,Wells Fargo Bank,"14063 US-183 Hwy, Austin, TX 78717",Austin
17,Wells Fargo Bank,"10900 Research Blvd Ste B, Austin, TX 78759",Austin
18,Wells Fargo Bank,"11625 N FM 620, Austin, TX 78750",Austin
19,Wells Fargo Bank,"3601 Far W Blvd, Austin, TX 78731",Austin
20,Wells Fargo Bank,"13000 N Interstate Hwy 35 Bldg 3, Austin, TX 78753",Austin
21,Wells Fargo Bank,"6501 Airport Blvd #200, Austin, TX 78752",Austin
22,Wells Fargo Bank,"1601 W 35th St, Austin, TX 78703",Austin
23,Wells Fargo Bank,"9800 N Lamar Blvd Ste 100, Austin, TX 78753",Austin
24,Wells Fargo Bank,"6208 McNeil Dr, Austin, TX 78729",Austin
25,Wells Fargo Bank,"11302 FM 2222, Austin, TX 78730",Austin
26,Wells Fargo Bank,"3216 W Braker Ln, Austin, TX 78758",Austin
27,Wells Fargo Bank,"111 Congress Ave. Fl 1 Ste 150, Austin, TX 78701",Austin
28,Wells Fargo Bank,"1601 W Parmer Ln, Austin, TX 78727",Austin
29,Wells Fargo Bank,"3738 Bee Caves Rd, Austin, TX 78746",Austin
30,Wells Fargo Bank,"1145 Airport Blvd, Austin, TX 78702",Austin
31,Wells Fargo Bank,"1201 Barbara Jordan Blvd BLDG 10, Austin, TX 78723",Austin
32,Wells Fargo Bank,"2326 S Congress Ave, Austin, TX 78704",Austin
33,Wells Fargo Bank,"2402 Guadalupe St Ste C, Austin, TX 78705",Austin
34,Wells Fargo Bank,"3949 S Lamar Blvd, Austin, TX 78704",Austin
35,Wells Fargo Bank,"3105 Windsor Rd, Austin, TX 78703",Austin
36,Wells Fargo Bank,"1825 S Pleasant Valley Rd, Austin, TX 78741",Austin
37,Wells Fargo Bank,"2028 E Ben White Blvd STE 516, Austin, TX 78741",Austin
38,Wells Fargo Bank,"1901 W William Cannon Dr #168, Austin, TX 78745",Austin
39,Wells Fargo Bank,"1000 E 11th St, Austin, TX 78702",Austin
40,Wells Fargo Bank,"501 S Congress Ave, Austin, TX 78704",Austin
41,Wells Fargo Bank,"5900 W Slaughter Ln Bldg E, Austin, TX 78749",Austin
42,Wells Fargo Bank,"4301 W William Cannon Dr Bldg L, Austin, TX 78749",Austin
43,Wells Fargo Bank,"9908 Brodie Ln, Austin, TX 78748",Austin
44,Wells Fargo Bank,"161 W Slaughter Ln Unit N, Austin, TX 78748",Austin
45,Wells Fargo Bank,"7101 State Hwy 71, Austin, TX 78735",Austin
46,Wells Fargo Bank,"12921 Galleria Cir, Bee Cave, TX 78738",Austin
47,Wells Fargo Bank,"1425 E Whitestone Blvd, Cedar Park, TX 78613",Austin
48,Chase Bank,"13809 Research Blvd, Austin, TX 78750",Austin
49,Chase Bank,"15004 Avery Ranch Blvd, Austin, TX 78717",Austin
50,Chase Bank,"12222 Research Blvd, Austin, TX 78759",Austin
51,Chase Bank,"11800 Domain Dr, Austin, TX 78758",Austin
52,Chase Bank,"9739 Great Hills Trl, Austin, TX 78759",Austin
53,Chase Bank,"11521 N FM 620 Ste D, Austin, TX 78726",Austin
54,Chase Bank,"1700 W Parmer Ln Ste 3, Austin, TX 78727",Austin
55,Chase Bank,"12858 Research Blvd Hwy 183, Austin, TX 78750",Austin
56,Chase Bank,"9901 N Lamar Blvd, Austin, TX 78753",Austin
57,Chase Bank,"6301 W Parmer Ln, Austin, TX 78729",Austin
58,Chase Bank,"7600 Burnet Rd, Austin, TX 78757",Austin
59,Chase Bank,"1811 S Congress Ave, Austin, TX 78704",Austin
60,Chase Bank,"4601 N Lamar Blvd Ste 100, Austin, TX 78751",Austin
61,Chase Bank,"6600 S MoPac Expy Ste 1000, Austin, TX 78749",Austin
62,Chase Bank,"3317 Northland Dr, Austin, TX 78731",Austin
63,Chase Bank,"221 W 6th St, Austin, TX 78701",Austin
64,Chase Bank,"3267 Bee Caves Rd, Austin, TX 78746",Austin
65,Chase Bank,"6200 Bee Caves Rd, Austin, TX 78746",Austin
66,Chase Bank,"1011 E 5th St. Ste 100, Austin, TX 78702",Austin
67,Chase Bank,"2119 E 7th St, Austin, TX 78702",Austin
68,Chase Bank,"1920 E Riverside Dr Bldg C, Austin, TX 78741",Austin
69,Chase Bank,"701 E Stassney Ln Bldg J, Austin, TX 78745",Austin
70,Chase Bank,"5145 Ranch Rd 620 N Bldg K, Austin, TX 78732",Austin
71,Chase Bank,"140 W Slaughter Ln, Austin, TX 78748",Austin
72,Chase Bank,"5407 N Interstate Hwy 35, Austin, TX 78723",Austin
73,Chase Bank,"7300 FM 2222, Austin, TX 78730",Austin
74,Chase Bank,"5700 W Slaughter Ln, Austin, TX 78749",Austin
75,Chase Bank,"12713 Shops Pkwy Bldg R, Bee Cave, TX 78738",Austin
76,Chase Bank,"2711 La Frontera Blvd #300, Round Rock, TX 78681",Austin
77,Chase Bank,"165 Hargraves Dr Ste K, Austin, TX 78737",Austin
78,Bank of America,"7900 Shoal Creek Blvd, Austin, TX 78757",Austin
79,Bank of America,"12521 N Interstate Hwy 35, Austin, TX 78753",Austin
80,Bank of America,"3520 N Lamar Blvd, Austin, TX 78705",Austin
81,Bank of America,"12574 Research Blvd, Austin, TX 78759",Austin
82,Bank of America,"2511 W Parmer Ln, Austin, TX 78727",Austin
83,Bank of America,"9830 N Lake Creek Pkwy, Austin, TX 78717",Austin
84,Bank of America,"11500 FM 2222, Austin, TX 78730",Austin
85,Bank of America,"2501 S Congress Ave, Austin, TX 78704",Austin
86,Bank of America,"9701 Research Blvd, Austin, TX 78759",Austin
87,Bank of America,"6317 Bee Caves Rd STE 100, Austin, TX 78746",Austin
88,Bank of America,"3601 W William Cannon Dr bldg f, Austin, TX 78749",Austin
89,Bank of America,"5800 W Slaughter Ln STE 200, Austin, TX 78749",Austin
90,Bank of America,"3301 Northland Dr STE 100, Austin, TX 78731",Austin
91,Bank of America,"8616 I-35, Austin, TX 78745",Austin
92,Bank of America,"1144 Airport Blvd STE 700, Austin, TX 78702",Austin
93,Bank of America,"16250 Ranch Rd 620 N, Austin, TX 78717",Austin
94,Bank of America,"12400 State Hwy 71 Bldg F, Bee Cave, TX 78738",Austin
95,Bank of America,"2651 S I-35 Frontage Rd, Round Rock, TX 78664",Austin
96,Bank of America,"8627 Research Blvd, Austin, TX 78758",Austin
97,Bank of America,"3900 Interregional Hwy, Austin, TX 78751",Austin
98,Bank of America,"701 E Stassney Ln Bldg F, Austin, TX 78745",Austin
99,Bank of America,"9912 Menchaca Rd, Austin, TX 78748",Austin
100,Frost Bank,"734 Northwest Loop 410, San Antonio, TX 78216",San Antonio
101,Frost Bank,"16500 San Pedro Ave, San Antonio, TX 78232",San Antonio
102,Frost Bank,"10215 Wurzbach Rd, San Antonio, TX 78230",San Antonio
103,Frost Bank,"7914 Culebra Rd #100, San Antonio, TX 78251",San Antonio
104,Frost Bank,"3803 Northwest Loop 410, San Antonio, TX 78229",San Antonio
105,Frost Bank,"12607 Blanco Rd, San Antonio, TX 78216",San Antonio
106,Frost Bank,"4202 S New Braunfels Ave, San Antonio, TX 78223",San Antonio
107,Frost Bank,"7702 Louis Pasteur Dr, San Antonio, TX 78229",San Antonio
108,Frost Bank,"515 SW Military Dr, San Antonio, TX 78221",San Antonio
109,Frost Bank,"2703 SW Military Dr, San Antonio, TX 78224",San Antonio
110,Frost Bank,"111 W Houston St Suite 100, San Antonio, TX 78205",San Antonio
111,Frost Bank,"11555 Bandera Rd, San Antonio, TX 78250",San Antonio
112,Frost Bank,"4214 Thousand Oaks Dr, San Antonio, TX 78217",San Antonio
113,Frost Bank,"1162 N Loop 1604 W, San Antonio, TX 78248",San Antonio
114,Frost Bank,"4900 Windsor Hill, San Antonio, TX 78239",San Antonio
115,Frost Bank,"110 Austin Hwy, San Antonio, TX 78209",San Antonio
116,Frost Bank,"18762 Stone Oak Pkwy, San Antonio, TX 78258",San Antonio
117,Frost Bank,"1155 NE Interstate 410 Loop, San Antonio, TX 78209",San Antonio
118,Frost Bank,"1739 S WW White Rd, San Antonio, TX 78220",San Antonio
119,Frost Bank,"21011 U.S. Hwy 281 S, San Antonio, TX 78258",San Antonio
120,Frost Bank,"23787 I-10, San Antonio, TX 78257",San Antonio
121,Frost Bank,"13226 Vance Jackson Rd, San Antonio, TX 78249",San Antonio
122,Frost Bank,"11839 Culebra Rd, San Antonio, TX 78253",San Antonio
123,Frost Bank,"9090 Fair Oaks Pkwy, Fair Oaks, TX 78015",San Antonio
124,Frost Bank,"16895 I-35 N, Schertz, TX 78154",San Antonio
125,Wells Fargo Bank,"823 NE Interstate 410 Loop, San Antonio, TX 78209",San Antonio
126,Wells Fargo Bank,"4524 Fredericksburg Rd, San Antonio, TX 78201",San Antonio
127,Wells Fargo Bank,"18488 Blanco Rd, San Antonio, TX 78258",San Antonio
128,Wells Fargo Bank,"40 NE Interstate 410 Loop, San Antonio, TX 78216",San Antonio
129,Wells Fargo Bank,"6919 S Zarzamora St, San Antonio, TX 78224",San Antonio
130,Wells Fargo Bank,"999 E Basse Rd Ste 300, San Antonio, TX 78209",San Antonio
131,Wells Fargo Bank,"16414 San Pedro Ave Ste 100, San Antonio, TX 78232",San Antonio
132,Wells Fargo Bank,"13703 I-10, San Antonio, TX 78249",San Antonio
133,Wells Fargo Bank,"4351 Medical Dr, San Antonio, TX 78229",San Antonio
134,Wells Fargo Bank,"3027 W Woodlawn Ave, San Antonio, TX 78228",San Antonio
135,Wells Fargo Bank,"423 N New Braunfels Ave #1, San Antonio, TX 78202",San Antonio
136,Wells Fargo Bank,"10659 Culebra Rd, San Antonio, TX 78251",San Antonio
137,Wells Fargo Bank,"5703 N Foster Rd, San Antonio, TX 78244",San Antonio
138,Wells Fargo Bank,"12003 Vance Jackson Rd, San Antonio, TX 78230",San Antonio
139,Wells Fargo Bank,"1930 N Loop 1604 E, San Antonio, TX 78232",San Antonio
140,Wells Fargo Bank,"707 Castroville Rd, San Antonio, TX 78237",San Antonio
141,Wells Fargo Bank,"750 E Mulberry Ave Fl 1, San Antonio, TX 78212",San Antonio
142,Wells Fargo Bank,"8903 Military Dr W, San Antonio, TX 78245",San Antonio
143,Wells Fargo Bank,"106 S St Mary's St Ste 100, San Antonio, TX 78205",San Antonio
144,Wells Fargo Bank,"14447 NW Military Hwy, San Antonio, TX 78231",San Antonio
145,Wells Fargo Bank,"8307 Marbach Rd, San Antonio, TX 78227",San Antonio
146,Wells Fargo Bank,"11039 Potranco Rd, San Antonio, TX 78251",San Antonio
147,Wells Fargo Bank,"11398 Bandera Rd Bldg 8, San Antonio, TX 78250",San Antonio
148,Wells Fargo Bank,"20826 U.S. Hwy 281 N, San Antonio, TX 78258",San Antonio
149,Wells Fargo Bank,"24531 I-10 #111, San Antonio, TX 78257",San Antonio
150,Wells Fargo Bank,"15320 I-35 N, Selma, TX 78154",San Antonio
151,Wells Fargo Bank,"6839 US Hwy 87 E, China Grove, TX 78263",San Antonio
152,Chase Bank,"13939 Nacogdoches Rd, San Antonio, TX 78217",San Antonio
153,Chase Bank,"4011 San Pedro Ave, San Antonio, TX 78212",San Antonio
154,Chase Bank,"815 Evans Rd, San Antonio, TX 78258",San Antonio
155,Chase Bank,"18143 Blanco Rd, San Antonio, TX 78232",San Antonio
156,Chase Bank,"12503 NW Military Hwy, San Antonio, TX 78231",San Antonio
157,Chase Bank,"7959 Fredericksburg Rd, San Antonio, TX 78229",San Antonio
158,Chase Bank,"4620 Broadway, San Antonio, TX 78209",San Antonio
159,Chase Bank,"10680 Culebra Rd, San Antonio, TX 78251",San Antonio
160,Chase Bank,"20845 US-281, San Antonio, TX 78258",San Antonio
161,Chase Bank,"707 Bandera Rd, San Antonio, TX 78228",San Antonio
162,Chase Bank,"2130 SW Military Dr, San Antonio, TX 78224",San Antonio
163,Chase Bank,"5258 De Zavala Rd, San Antonio, TX 78249",San Antonio
164,Chase Bank,"10810 Potranco Rd, San Antonio, TX 78251",San Antonio
165,Chase Bank,"7559 Northwest Loop 410, San Antonio, TX 78245",San Antonio
166,Chase Bank,"8014 Bandera Rd, San Antonio, TX 78250",San Antonio
167,Chase Bank,"5801 Babcock Rd, San Antonio, TX 78240",San Antonio
168,Chase Bank,"1100 Goliad Rd, San Antonio, TX 78223",San Antonio
169,Chase Bank,"22203 I-10, San Antonio, TX 78256",San Antonio
170,Chase Bank,"1000 E Basse Rd, San Antonio, TX 78209",San Antonio
171,Chase Bank,"11983 Alamo Ranch Pkwy, San Antonio, TX 78253",San Antonio
172,Chase Bank,"512 E Highland Blvd, San Antonio, TX 78210",San Antonio
173,Chase Bank,"14832 Jones Maltsberger Rd, San Antonio, TX 78247",San Antonio
174,Chase Bank,"11640 Bandera Rd, San Antonio, TX 78250",San Antonio
175,Chase Bank,"6596 Farm-To-Market Rd 78, San Antonio, TX 78244",San Antonio
176,Chase Bank,"3659 E Evans Rd, San Antonio, TX 78259",San Antonio
177,Chase Bank,"912 Kitty Hawk Rd, Universal City, TX 78148",San Antonio
178,Bank of America,"3500 San Pedro Ave, San Antonio, TX 78212",San Antonio
179,Bank of America,"5403 De Zavala Rd, San Antonio, TX 78249",San Antonio
180,Bank of America,"1515 SW Loop 410, San Antonio, TX 78227",San Antonio
181,Bank of America,"5101 Walzem Rd, San Antonio, TX 78218",San Antonio
182,Bank of America,"18142 Blanco Rd, San Antonio, TX 78232",San Antonio
183,Bank of America,"10661 Culebra Rd, San Antonio, TX 78251",San Antonio
184,Bank of America,"20902 U.S. Hwy 281 N, San Antonio, TX 78258",San Antonio
185,Bank of America,"7333 Wurzbach Rd, San Antonio, TX 78229",San Antonio
186,Bank of America,"5201 Broadway, San Antonio, TX 78209",San Antonio
187,Bank of America,"3211 SW Military Dr, San Antonio, TX 78211",San Antonio
188,Bank of America,"6401 Northwest Loop 410, San Antonio, TX 78238",San Antonio
189,Bank of America,"2903 Thousand Oaks Dr, San Antonio, TX 78247",San Antonio
190,Bank of America,"1854 S WW White Rd, San Antonio, TX 78220",San Antonio
191,Bank of America,"2134 NW Military Hwy, San Antonio, TX 78213",San Antonio
192,Bank of America,"1703 Vance Jackson Rd, San Antonio, TX 78213",San Antonio
193,Bank of America,"111 Rayburn Dr, San Antonio, TX 78221",San Antonio
194,Bank of America,"11658 Bandera Rd, San Antonio, TX 78250",San Antonio
195,Bank of America,"12500 San Pedro Ave #101, San Antonio, TX 78216",San Antonio
196,Bank of America,"14515 NW Military Hwy, San Antonio, TX 78231",San Antonio
197,Bank of America,"7018 Farm-To-Market Rd 78, San Antonio, TX 78244",San Antonio
198,Bank of America,"24523 I-10, San Antonio, TX 78257",San Antonio
199,Bank of America,"3000 Pat Booker Rd, Universal City, TX 78148",San Antonio
200,Bank of America,"12303 Nacogdoches Rd, San Antonio, TX 78217",San Antonio
201,Bank of America,"3700 S New Braunfels Ave, San Antonio, TX 78223",San Antonio
202,Frost Bank,"2950 N Harwood St Suite 100, Dallas, TX 75201",Dallas
203,Frost Bank,"7859 Walnut Hill Ln Ste 100, Dallas, TX 75230",Dallas
204,Frost Bank,"8201 Preston Rd #180, Dallas, TX 75225",Dallas
205,Frost Bank,"6321 Hillcrest Ave, Dallas, TX 75205",Dallas
206,Frost Bank,"2627 W Jefferson Blvd #314, Dallas, TX 75211",Dallas
207,Frost Bank,"3704 W Camp Wisdom Rd Ste. 130, Dallas, TX 75237",Dallas
208,Frost Bank,"6312 La Vista Dr, Dallas, TX 75214",Dallas
209,Frost Bank,"11701 Plano Rd, Dallas, TX 75243",Dallas
210,Frost Bank,"2525 Inwood Rd Suite 101, Dallas, TX 75235",Dallas
211,Frost Bank,"15301 Dallas Pkwy #100, Addison, TX 75001",Dallas
212,Frost Bank,"3128 Forest Ln #100, Dallas, TX 75234",Dallas
213,Frost Bank,"1111 W Belt Line Rd Suite 110, Carrollton, TX 75006",Dallas
214,Frost Bank,"150 E Hwy 67, Duncanville, TX 75137",Dallas
215,Wells Fargo Bank,"1445 Ross Ave Ste 100, Dallas, TX 75202",Dallas
216,Wells Fargo Bank,"2222 McKinney Ave Suite 300, Dallas, TX 75201",Dallas
217,Wells Fargo Bank,"4301 Lovers Ln, Dallas, TX 75225",Dallas
218,Wells Fargo Bank,"6535 Skillman St, Dallas, TX 75231",Dallas
219,Wells Fargo Bank,"3450 W Illinois Ave, Dallas, TX 75211",Dallas
220,Wells Fargo Bank,"5938 W Northwest Hwy, Dallas, TX 75225",Dallas
221,Wells Fargo Bank,"9208 E R L Thornton Fwy Ste 201, Dallas, TX 75228",Dallas
222,Wells Fargo Bank,"1520 N Cockrell Hill Rd, Dallas, TX 75211",Dallas
223,Wells Fargo Bank,"5801 Marvin D. Love Fwy, Dallas, TX 75237",Dallas
224,Wells Fargo Bank,"6333 E Mockingbird Ln, Dallas, TX 75214",Dallas
225,Wells Fargo Bank,"1931 Greenville Ave #110, Dallas, TX 75206",Dallas
226,Wells Fargo Bank,"2906 E Ledbetter Dr, Dallas, TX 75216",Dallas
227,Wells Fargo Bank,"5809 E Lovers Ln, Dallas, TX 75206",Dallas
228,Wells Fargo Bank,"3535 Forest Ln, Dallas, TX 75234",Dallas
229,Wells Fargo Bank,"3411 Inwood Rd, Dallas, TX 75235",Dallas
230,Wells Fargo Bank,"2611 Cedar Springs Rd, Dallas, TX 75201",Dallas
231,Wells Fargo Bank,"13050 Coit Rd, Dallas, TX 75240",Dallas
232,Wells Fargo Bank,"4232 Lemmon Ave, Dallas, TX 75219",Dallas
233,Wells Fargo Bank,"4150 Mockingbird Ln, Dallas, TX 75205",Dallas
234,Wells Fargo Bank,"10600 Forest Ln, Dallas, TX 75243",Dallas
235,Wells Fargo Bank,"39703 Lyndon B Johnson Fwy, Dallas, TX 75237",Dallas
236,Wells Fargo Bank,"8448 Abrams Rd, Dallas, TX 75243",Dallas
237,Wells Fargo Bank,"9508 Garland Rd, Dallas, TX 75218",Dallas
238,Wells Fargo Bank,"15216 Montfort Dr, Dallas, TX 75248",Dallas
239,Wells Fargo Bank,"18190 Dallas Pkwy, Dallas, TX 75287",Dallas
240,Wells Fargo Bank,"11730 Preston Rd, Dallas, TX 75230",Dallas
241,Wells Fargo Bank,"6301 Gaston Ave, Dallas, TX 75214",Dallas
242,Wells Fargo Bank,"18126 Preston Rd, Dallas, TX 75252",Dallas
243,Wells Fargo Bank,"13301 Midway Rd #100, Farmers Branch, TX 75244",Dallas
244,Wells Fargo Bank,"13297 Josey Ln, Farmers Branch, TX 75234",Dallas
245,Wells Fargo Bank,"3701 Belt Line Rd, Addison, TX 75001",Dallas
246,Wells Fargo Bank,"443 E Hwy 67, Duncanville, TX 75137",Dallas
247,Wells Fargo Bank,"1050 Market Pl Blvd, Irving, TX 75063",Dallas
248,Wells Fargo Bank,"1300 N Town E Blvd Ste 108, Mesquite, TX 75150",Dallas
249,Wells Fargo Bank,"4771 Saturn Rd, Garland, TX 75041",Dallas
250,Wells Fargo Bank,"3432 W Buckingham Rd, Garland, TX 75042",Dallas
251,Wells Fargo Bank,"3300 Preston Rd, Plano, TX 75093",Dallas
252,Wells Fargo Bank,"212 Coit Rd, Plano, TX 75075",Dallas
253,Wells Fargo Bank,"5936 W Park Blvd, Plano, TX 75093",Dallas
254,Wells Fargo Bank,"120 W Main St, Mesquite, TX 75149",Dallas
255,Wells Fargo Bank,"2970 Horizon Rd, Rockwall, TX 75032",Dallas
256,Wells Fargo Bank,"2601 Lakeview Pkwy, Rowlett, TX 75088",Dallas
257,Wells Fargo Bank,"4040 N MacArthur Blvd Ste 200, Irving, TX 75038",Dallas
258,Wells Fargo Bank,"4156 S Carrier Pkwy, Grand Prairie, TX 75052",Dallas
259,Wells Fargo Bank,"4000 Legacy Dr, Plano, TX 75024",Dallas
260,Wells Fargo Bank,"131 N Denton Tap Rd, Coppell, TX 75019",Dallas
261,Wells Fargo Bank,"2912 Legacy Dr, Plano, TX 75023",Dallas
262,Wells Fargo Bank,"7900 Woodbridge Pkwy #179, Sachse, TX 75048",Dallas
263,Wells Fargo Bank,"900 W Airport Fwy, Irving, TX 75062",Dallas
264,Chase Bank,"2121 N Pearl St Ste 150, Dallas, TX 75201",Dallas
265,Chase Bank,"11611 Preston Rd, Dallas, TX 75230",Dallas
266,Chase Bank,"4709 Ross Ave, Dallas, TX 75204",Dallas
267,Chase Bank,"3535 W Camp Wisdom Rd, Dallas, TX 75237",Dallas
268,Chase Bank,"3730 W Illinois Ave, Dallas, TX 75211",Dallas
269,Chase Bank,"8111 Preston Rd, Dallas, TX 75225",Dallas
270,Chase Bank,"2833 Martin Luther King Jr Blvd, Dallas, TX 75215",Dallas
271,Chase Bank,"9401 Lyndon B Johnson Fwy, Dallas, TX 75243",Dallas
272,Chase Bank,"2945 Walnut Hill Ln, Dallas, TX 75229",Dallas
273,Chase Bank,"3929 S Polk St, Dallas, TX 75224",Dallas
274,Chase Bank,"6437 Hillcrest Ave, Dallas, TX 75205",Dallas
275,Chase Bank,"2325 Gus Thomasson Rd, Dallas, TX 75228",Dallas
276,Chase Bank,"3610 McKinney Ave, Dallas, TX 75204",Dallas
277,Chase Bank,"10321 Lake June Rd, Dallas, TX 75217",Dallas
278,Chase Bank,"6251 Greenville Ave, Dallas, TX 75206",Dallas
279,Chase Bank,"8928 E R L Thornton Fwy, Dallas, TX 75228",Dallas
280,Chase Bank,"4435 S Lancaster Rd, Dallas, TX 75216",Dallas
281,Chase Bank,"6310 E Mockingbird Ln, Dallas, TX 75214",Dallas
282,Chase Bank,"4512 Lemmon Ave, Dallas, TX 75219",Dallas
283,Chase Bank,"5646 E Mockingbird Ln, Dallas, TX 75206",Dallas
284,Chase Bank,"1825 Market Center Blvd Ste 100, Dallas, TX 75207",Dallas
285,Chase Bank,"7196 Skillman St, Dallas, TX 75231",Dallas
286,Chase Bank,"10729 Preston Rd, Dallas, TX 75230",Dallas
287,Chase Bank,"2530 Fort Worth Ave, Dallas, TX 75211",Dallas
288,Chase Bank,"1838 S Buckner Blvd, Dallas, TX 75217",Dallas
289,Chase Bank,"505 W Twelfth St, Dallas, TX 75208",Dallas
290,Chase Bank,"5220 W Lovers Ln, Dallas, TX 75209",Dallas
291,Chase Bank,"15202 Montfort Dr, Dallas, TX 75248",Dallas
292,Chase Bank,"13398 Preston Rd, Dallas, TX 75240",Dallas
293,Chase Bank,"14114 Dallas Pkwy #150, Dallas, TX 75254",Dallas
294,Chase Bank,"6015 Weldon Howell Pkwy, Dallas, TX 75225",Dallas
295,Chase Bank,"400 Wynnewood Village, Dallas, TX 75224",Dallas
296,Chase Bank,"9409 Garland Rd, Dallas, TX 75218",Dallas
297,Chase Bank,"11770 Marsh Ln, Dallas, TX 75229",Dallas
298,Chase Bank,"9049 Forest Ln, Dallas, TX 75243",Dallas
299,Chase Bank,"4615 Frankford Rd, Dallas, TX 75287",Dallas
300,Chase Bank,"16831 Coit Rd, Dallas, TX 75248",Dallas
301,Chase Bank,"18320 Preston Rd, Dallas, TX 75252",Dallas
302,Chase Bank,"4236 Wycliff Ave, Dallas, TX 75219",Dallas
303,Chase Bank,"1881 Sylvan Ave, Dallas, TX 75208",Dallas
304,Chase Bank,"1900 N Akard St Ste 100, Dallas, TX 75201",Dallas
305,Chase Bank,"2475 W Mockingbird Ln, Dallas, TX 75235",Dallas
306,Chase Bank,"12875 Josey Ln, Farmers Branch, TX 75234",Dallas
307,Chase Bank,"14250 Marsh Ln, Addison, TX 75001",Dallas
308,Chase Bank,"12329 Lake June Rd, Balch Springs, TX 75180",Dallas
309,Bank of America,"6215 Gaston Ave, Dallas, TX 75214",Dallas
310,Bank of America,"Parking lot, 4023 Cedar Springs Rd, Dallas, TX 75219",Dallas
311,Bank of America,"7515 Greenville Ave, Dallas, TX 75231",Dallas
312,Bank of America,"6901 Hillcrest Ave, Dallas, TX 75205",Dallas
313,Bank of America,"14999 Preston Rd, Dallas, TX 75254",Dallas
314,Bank of America,"10830 Preston Rd, Dallas, TX 75230",Dallas
315,Bank of America,"3404 W Illinois Ave STE 200, Dallas, TX 75211",Dallas
316,Bank of America,"5636 Lemmon Ave, Dallas, TX 75209",Dallas
317,Bank of America,"9226 E R L Thornton Fwy, Dallas, TX 75228",Dallas
318,Bank of America,"1633 N Cockrell Hill Rd, Dallas, TX 75211",Dallas
319,Bank of America,"6085 Campbell Rd, Dallas, TX 75248",Dallas
320,Bank of America,"6750 Greenville Ave, Dallas, TX 75231",Dallas
321,Bank of America,"1520 Buckner Blvd, Dallas, TX 75217",Dallas
322,Bank of America,"3523 S Lancaster Rd, Dallas, TX 75216",Dallas
323,Bank of America,"3523 S Lancaster Rd, Dallas, TX 75216",Dallas
324,Bank of America,"2500 N Haskell Ave., Dallas, TX 75204",Dallas
325,Bank of America,"6019 Berkshire Ln, Dallas, TX 75225",Dallas
326,Bank of America,"11868 Preston Rd, Dallas, TX 75230",Dallas
327,Bank of America,"3300 Martin Luther King Jr Blvd, Dallas, TX 75210",Dallas
328,Bank of America,"6166 Retail Rd, Dallas, TX 75231",Dallas
329,Bank of America,"9308 Forest Ln, Dallas, TX 75243",Dallas
330,Bank of America,"15110 Dallas Pkwy Ste 100a, Dallas, TX 75248",Dallas
331,Bank of America,"18229 Midway Rd, Dallas, TX 75287",Dallas
332,Bank of America,"1925 Dallas Pkwy, Plano, TX 75093",Dallas
333,Bank of America,"12150 Lake June Rd, Balch Springs, TX 75180",Dallas
334,Bank of America,"2210 N Coit Rd, Richardson, TX 75080",Dallas
335,Bank of America,"1110 Northwest Hwy, Garland, TX 75041",Dallas
336,Bank of America,"10815 Webb Chapel Rd, Dallas, TX 75229",Dallas
337,Bank of America,"2535 W Wheatland Rd, Dallas, TX 75237",Dallas
338,Frost Bank,"1500 N Wayside Dr, Houston, TX 77020",Houston
339,Frost Bank,"4606 N Shepherd Dr, Houston, TX 77018",Houston
340,Frost Bank,"5925 Kirby Dr, Houston, TX 77005",Houston
341,Frost Bank,"1 Blvd Place, 1700 Post Oak Blvd Suite 120, Houston, TX 77056",Houston
342,Frost Bank,"13191 Northwest Fwy, Houston, TX 77040",Houston
343,Frost Bank,"2604 Westheimer Rd, Houston, TX 77098",Houston
344,Frost Bank,"2240 Navigation Blvd Suite 400, Houston, TX 77003",Houston
345,Frost Bank,"600 W Sam Houston Pkwy N #730, Houston, TX 77024",Houston
346,Frost Bank,"628 E 11th St, Houston, TX 77008",Houston
347,Frost Bank,"7592 Cypress Creek Pkwy, Houston, TX 77070",Houston
348,Frost Bank,"8502B Main St, Houston, TX 77025",Houston
349,Frost Bank,"7502 Westheimer Rd, Houston, TX 77063",Houston
350,Frost Bank,"14637 Memorial Dr, Houston, TX 77079",Houston
351,Frost Bank,"3304 W Sam Houston Pkwy S, Houston, TX 77042",Houston
352,Frost Bank,"8360 Long Point Rd, Houston, TX 77055",Houston
353,Frost Bank,"3432 Scott St, Houston, TX 77004",Houston
354,Frost Bank,"2715 Cypress Creek Pkwy, Houston, TX 77068",Houston
355,Frost Bank,"3500 Little York Rd Ste. B-1A, Houston, TX 77093",Houston
356,Frost Bank,"10420 Louetta Rd Suite #120, Houston, TX 77070",Houston
357,Frost Bank,"2982 Fulton St, Houston, TX 77009",Houston
358,Frost Bank,"9651 Katy Fwy Suite 100, Houston, TX 77024",Houston
359,Frost Bank,"1005 Waugh Dr Ste A, Houston, TX 77019",Houston
360,Frost Bank,"4321 W Sam Houston Pkwy N Ste. 100, Houston, TX 77043",Houston
361,Frost Bank,"13630 East Fwy #300, Houston, TX 77015",Houston
362,Frost Bank,"15455 Memorial Dr Suite 700, Houston, TX 77079",Houston
363,Frost Bank,"6750 W Loop S, Bellaire, TX 77401",Houston
364,Frost Bank,"3707 Richmond Ave., Houston, TX 77046",Houston
365,Frost Bank,"4526 Dacoma St Suite 100, Houston, TX 77092",Houston
366,Frost Bank,"701 Jefferson St, Houston, TX 77002",Houston
367,Frost Bank,"1001 Broadway St, Houston, TX 77012",Houston
368,Frost Bank,"9990 Almeda Genoa Rd Suite 500, Houston, TX 77075",Houston
369,Frost Bank,"1234 Clear Lake City Blvd, Houston, TX 77062",Houston
370,Frost Bank,"6545 Hwy 6 N, Houston, TX 77084",Houston
371,Frost Bank,"3201 East Sam Houston Pkwy S, Pasadena, TX 77505",Houston
372,Frost Bank,"2710 W Lake Houston Pkwy Suite 100, Kingwood, TX 77339",Houston
373,Frost Bank,"20002 Northwest Fwy, Jersey Village, TX 77065",Houston
374,Frost Bank,"19661 US-59, Humble, TX 77338",Houston
375,Wells Fargo Bank,"3803 Westheimer Rd, Houston, TX 77027",Houston
376,Wells Fargo Bank,"1500 Waugh Dr, Houston, TX 77019",Houston
377,Wells Fargo Bank,"5202 Kirby Dr, Houston, TX 77098",Houston
378,Wells Fargo Bank,"10261 North Fwy Suite 500, Houston, TX 77037",Houston
379,Wells Fargo Bank,"2651 Kipling St STE 103, Houston, TX 77098",Houston
380,Wells Fargo Bank,"5650 Memorial Dr, Houston, TX 77007",Houston
381,Wells Fargo Bank,"2714 Smith St, Houston, TX 77006",Houston
382,Wells Fargo Bank,"12200 Northwest Fwy Fl 1, Houston, TX 77092",Houston
383,Wells Fargo Bank,"4906 San Felipe St, Houston, TX 77056",Houston
384,Wells Fargo Bank,"9702 Bellaire Blvd, Houston, TX 77036",Houston
385,Wells Fargo Bank,"235 W 20th St, Houston, TX 77008",Houston
386,Wells Fargo Bank,"12859 Kimberley Ln, Houston, TX 77024",Houston
387,Wells Fargo Bank,"6255 Bissonnet St, Houston, TX 77081",Houston
388,Wells Fargo Bank,"9413 Katy Fwy, Houston, TX 77024",Houston
389,Wells Fargo Bank,"2005 Taylor St, Houston, TX 77007",Houston
390,Wells Fargo Bank,"6801 Buffalo Speedway, Houston, TX 77025",Houston
391,Wells Fargo Bank,"8750 S Texas 6, Houston, TX 77083",Houston
392,Wells Fargo Bank,"2800 Woodridge Dr, Houston, TX 77087",Houston
393,Wells Fargo Bank,"6651 Main St Ste F370, Houston, TX 77030",Houston
394,Wells Fargo Bank,"1301 McKinney St Mezzanine Level, Houston, TX 77010",Houston
395,Wells Fargo Bank,"19704 Northwest Fwy, Houston, TX 77065",Houston
396,Wells Fargo Bank,"1350 W 43rd St, Houston, TX 77018",Houston
397,Wells Fargo Bank,"2494 Hwy 6, Houston, TX 77077",Houston
398,Wells Fargo Bank,"1404 W Gray St, Houston, TX 77019",Houston
399,Wells Fargo Bank,"6783 S Texas 6, Houston, TX 77083",Houston
400,Wells Fargo Bank,"1000 Louisiana St Tunnel Level, Houston, TX 77002",Houston
401,Wells Fargo Bank,"3434 Tidwell Rd, Houston, TX 77093",Houston
402,Wells Fargo Bank,"6821 Harrisburg Blvd, Houston, TX 77011",Houston
403,Wells Fargo Bank,"7302 Bellaire Blvd, Houston, TX 77036",Houston
404,Wells Fargo Bank,"5625 Farm to Market 1960 Rd W, Houston, TX 77069",Houston
405,Wells Fargo Bank,"5311 Weslayan St, Houston, TX 77005",Houston
406,Wells Fargo Bank,"10005 Beechnut St, Houston, TX 77072",Houston
407,Wells Fargo Bank,"6990 Hwy 6 N, Houston, TX 77084",Houston
408,Wells Fargo Bank,"5175 W 34th St, Houston, TX 77092",Houston
409,Wells Fargo Bank,"17317 North Fwy, Houston, TX 77090",Houston
410,Wells Fargo Bank,"4004 S Braeswood Blvd Ste 100, Houston, TX 77025",Houston
411,Wells Fargo Bank,"11105 Westheimer Rd Ste F, Houston, TX 77042",Houston
412,Wells Fargo Bank,"2464 S Kirkwood Rd, Houston, TX 77077",Houston
413,Wells Fargo Bank,"11725 S Sam Houston Pkwy E, Houston, TX 77089",Houston
414,Wells Fargo Bank,"6430 San Felipe St, Houston, TX 77057",Houston
415,Wells Fargo Bank,"8607 Westheimer Rd, Houston, TX 77063",Houston
416,Wells Fargo Bank,"10310 East Fwy, Houston, TX 77029",Houston
417,Wells Fargo Bank,"5219 Richmond Ave., Houston, TX 77056",Houston
418,Wells Fargo Bank,"3601 Eastex Fwy, Houston, TX 77026",Houston
419,Wells Fargo Bank,"9715 Westheimer Rd, Houston, TX 77042",Houston
420,Wells Fargo Bank,"14001 Memorial Dr, Houston, TX 77079",Houston
421,Wells Fargo Bank,"6907 Farm to Market 1960 Rd W, Houston, TX 77069",Houston
422,Wells Fargo Bank,"4888 W Bellfort Blvd, Houston, TX 77035",Houston
423,Wells Fargo Bank,"7846 Long Point Rd, Houston, TX 77055",Houston
424,Wells Fargo Bank,"10910 Louetta Rd, Houston, TX 77070",Houston
425,Wells Fargo Bank,"9898 S Gessner Rd, Houston, TX 77071",Houston
426,Wells Fargo Bank,"13560 I-10, Houston, TX 77015",Houston
427,Wells Fargo Bank,"9577 Jones Rd #115, Houston, TX 77065",Houston
428,Wells Fargo Bank,"901 Gessner Rd, Houston, TX 77024",Houston
429,Wells Fargo Bank,"3981 Barker Cypress Rd, Houston, TX 77084",Houston
430,Wells Fargo Bank,"12339 Jones Rd, Houston, TX 77070",Houston
431,Wells Fargo Bank,"11102 Scarsdale Blvd, Houston, TX 77089",Houston
432,Wells Fargo Bank,"22515 Tomball Pkwy, Houston, TX 77070",Houston
433,Wells Fargo Bank,"1304 Blalock Rd #D, Houston, TX 77055",Houston
434,Wells Fargo Bank,"13106 Woodforest Blvd, Houston, TX 77015",Houston
435,Wells Fargo Bank,"14600 Katy Fwy, Houston, TX 77079",Houston
436,Wells Fargo Bank,"4645 Reed Rd, Houston, TX 77051",Houston
437,Wells Fargo Bank,"10009 Almeda Genoa Rd, Houston, TX 77075",Houston
438,Wells Fargo Bank,"12941 North Fwy, Houston, TX 77060",Houston
439,Wells Fargo Bank,"1005 Bay Area Blvd, Houston, TX 77058",Houston
440,Wells Fargo Bank,"5102 Bellaire Blvd, Bellaire, TX 77401",Houston
441,Wells Fargo Bank,"5440 El Dorado Blvd STE 300, Houston, TX 77059",Houston
442,Wells Fargo Bank,"9511 N Sam Houston Pkwy E, Humble, TX 77396",Houston
443,Wells Fargo Bank,"1000 Eldridge Rd, Sugar Land, TX 77478",Houston
444,Wells Fargo Bank,"5000 Louetta Rd, Spring, TX 77379",Houston
445,Chase Bank,"4335 Martin Luther King Blvd Ste B, Houston, TX 77204",Houston
446,Chase Bank,"10319 North Fwy, Houston, TX 77037",Houston
447,Chase Bank,"9309 Katy Fwy, Houston, TX 77024",Houston
448,Chase Bank,"5207 Airline Dr, Houston, TX 77022",Houston
449,Chase Bank,"6015 Hillcroft St Ste 400, Houston, TX 77081",Houston
450,Chase Bank,"12802 Memorial Dr, Houston, TX 77024",Houston
451,Chase Bank,"712 Main St, Houston, TX 77002",Houston
452,Chase Bank,"9709 Bellaire Blvd, Houston, TX 77036",Houston
453,Chase Bank,"4056 Bellaire Blvd, Houston, TX 77025",Houston
454,Chase Bank,"600 McGowen St, Houston, TX 77006",Houston
455,Chase Bank,"529 W 19th St, Houston, TX 77008",Houston
456,Chase Bank,"4600 Hwy 6 N, Houston, TX 77084",Houston
457,Chase Bank,"175 Yale St, Houston, TX 77007",Houston
458,Chase Bank,"6510 W Little York Rd, Houston, TX 77040",Houston
459,Chase Bank,"3203 Southwest Fwy, Houston, TX 77027",Houston
460,Chase Bank,"8120 S Gessner Dr, Houston, TX 77036",Houston
461,Chase Bank,"6910 Farm to Market 1960 Rd W, Houston, TX 77069",Houston
462,Chase Bank,"6701 S Texas 6, Houston, TX 77083",Houston
463,Chase Bank,"6560 Fannin St, Houston, TX 77030",Houston
464,Chase Bank,"1405 S Voss Rd, Houston, TX 77057",Houston
465,Chase Bank,"929 E Little York Rd, Houston, TX 77076",Houston
466,Chase Bank,"1605 Lockwood Dr, Houston, TX 77020",Houston
467,Chase Bank,"5177 Richmond Ave., Houston, TX 77056",Houston
468,Chase Bank,"3209 N Shepherd Dr, Houston, TX 77018",Houston
469,Chase Bank,"5020 San Felipe St, Houston, TX 77056",Houston
470,Chase Bank,"10850 Bellaire Blvd, Houston, TX 77072",Houston
471,Chase Bank,"12017 Northwest Fwy, Houston, TX 77092",Houston
472,Chase Bank,"9130 North Fwy, Houston, TX 77037",Houston
473,Chase Bank,"12214 Jones Rd, Houston, TX 77070",Houston
474,Chase Bank,"616 Farm to Market 1960 Rd W Ste 100, Houston, TX 77090",Houston
475,Chase Bank,"2435 W Alabama St, Houston, TX 77098",Houston
476,Chase Bank,"5445 Almeda Rd, Houston, TX 77004",Houston
477,Chase Bank,"14400 Memorial Dr, Houston, TX 77079",Houston
478,Chase Bank,"8411 Gulf Fwy, Houston, TX 77017",Houston
479,Chase Bank,"8140 W Sam Houston Pkwy S, Houston, TX 77072",Houston
480,Chase Bank,"4165 Farm to Market 1960 Rd W, Houston, TX 77068",Houston
481,Chase Bank,"10243 Kempwood Dr, Houston, TX 77043",Houston
482,Chase Bank,"5505 Kirby Dr, Houston, TX 77005",Houston
483,Chase Bank,"5240 W 34th St Ste G, Houston, TX 77092",Houston
484,Chase Bank,"13070 Bellaire Blvd, Houston, TX 77072",Houston
485,Chase Bank,"8330 S Main St Ste 100, Houston, TX 77025",Houston
486,Chase Bank,"8575 W Loop S, Houston, TX 77096",Houston
487,Chase Bank,"1490 Eldridge Pkwy, Houston, TX 77077",Houston
488,Chase Bank,"5510 Memorial Dr, Houston, TX 77007",Houston
489,Chase Bank,"12103 Veterans Memorial Dr, Houston, TX 77067",Houston
490,Chase Bank,"12401 S Post Oak Rd Ste G, Houston, TX 77045",Houston
491,Chase Bank,"5847 San Felipe St, Houston, TX 77057",Houston
492,Chase Bank,"8515 Fondren Rd, Houston, TX 77074",Houston
493,Chase Bank,"12350 Farm to Market 1960 Rd W, Houston, TX 77065",Houston
494,Chase Bank,"3636 Old Spanish Trl, Houston, TX 77021",Houston
495,Chase Bank,"11560 Westheimer Rd, Houston, TX 77077",Houston
496,Chase Bank,"11310 Chimney Rock Rd, Houston, TX 77035",Houston
497,Chase Bank,"9704 Katy Fwy, Houston, TX 77055",Houston
498,Chase Bank,"9203 Highway 6S Ste 140, Houston, TX 77083",Houston
499,Chase Bank,"1118 Fry Rd, Houston, TX 77084",Houston
500,Chase Bank,"8536 Hwy 6 N, Houston, TX 77095",Houston
501,Chase Bank,"1155 Edgebrook Dr, Houston, TX 77034",Houston
502,Chase Bank,"8799 N Loop E Fwy, Houston, TX 77029",Houston
503,Chase Bank,"4320 Ella Blvd, Houston, TX 77018",Houston
504,Chase Bank,"500 Dallas St, Houston, TX 77002",Houston
505,Chase Bank,"7803 Long Point Rd, Houston, TX 77055",Houston
506,Chase Bank,"7545 Bellfort St, Houston, TX 77061",Houston
507,Chase Bank,"6816 Capitol St, Houston, TX 77011",Houston
508,Chase Bank,"4313 Montrose Blvd, Houston, TX 77006",Houston
509,Chase Bank,"11806 Wilcrest Dr, Houston, TX 77031",Houston
510,Chase Bank,"2900 Woodridge Dr, Houston, TX 77087",Houston
511,Chase Bank,"619 Timberdale Ln, Houston, TX 77090",Houston
512,Chase Bank,"11220 Fondren Rd, Houston, TX 77096",Houston
513,Chase Bank,"9344 Jones Rd, Houston, TX 77065",Houston
514,Chase Bank,"13706 East Fwy, Houston, TX 77015",Houston
515,Chase Bank,"10997 Scarsdale Blvd, Houston, TX 77089",Houston
516,Chase Bank,"9335 Katy Fwy, Houston, TX 77024",Houston
517,Chase Bank,"7007 Fannin St, Houston, TX 77030",Houston
518,Chase Bank,"15252 Wallisville Rd, Houston, TX 77049",Houston
519,Chase Bank,"12714 Tomball Pkwy, Houston, TX 77086",Houston
520,Chase Bank,"11222 S Sam Houston Pkwy E, Houston, TX 77089",Houston
521,Chase Bank,"3451 Clear Lake City Blvd, Houston, TX 77059",Houston
522,Chase Bank,"13311 Westheimer Rd, Houston, TX 77077",Houston
523,Chase Bank,"16802 El Camino Real, Houston, TX 77058",Houston
524,Chase Bank,"1200 Clear Lake City Blvd, Houston, TX 77062",Houston
525,Chase Bank,"12702 W Lake Houston Pkwy, Houston, TX 77044",Houston
526,Chase Bank,"5104 Bellaire Blvd, Bellaire, TX 77401",Houston
527,Chase Bank,"9400 N Sam Houston Pkwy E, Humble, TX 77396",Houston
528,Chase Bank,"1935 W Gray St, Houston, TX 77019",Houston
529,Chase Bank,"8401 Westheimer Rd Bldg B, Houston, TX 77063",Houston
530,Chase Bank,"15380 N Eldridge Pkwy, Cypress, TX 77429",Houston
531,Chase Bank,"6117 Hwy 6 N, Houston, TX 77084",Houston
532,Chase Bank,"2929 Shaver St, Pasadena, TX 77502",Houston
533,Bank of America,"3811 Washington Ave, Houston, TX 77007",Houston
534,Bank of America,"909 Fannin St STE G100, Houston, TX 77010",Houston
535,Bank of America,"5200 N Shepherd Dr, Houston, TX 77091",Houston
536,Bank of America,"10612 Eastex Fwy, Houston, TX 77093",Houston
537,Bank of America,"3904 Richmond Ave., Houston, TX 77027",Houston
538,Bank of America,"5214 Kirby Dr, Houston, TX 77098",Houston
539,Bank of America,"2223 Gessner Rd, Houston, TX 77080",Houston
540,Bank of America,"8507 S Main St, Houston, TX 77025",Houston
541,Bank of America,"6732 Stella Link Rd, Houston, TX 77005",Houston
542,Bank of America,"11288 Westheimer Rd, Houston, TX 77042",Houston
543,Bank of America,"6344 Telephone Rd, Houston, TX 77087",Houston
544,Bank of America,"1025 Holcombe Blvd, Houston, TX 77030",Houston
545,Bank of America,"11814 Bellaire Blvd, Houston, TX 77072",Houston
546,Bank of America,"9245 S Texas 6, Houston, TX 77083",Houston
547,Bank of America,"11025 Farm to Market 1960 Rd W, Houston, TX 77065",Houston
548,Bank of America,"630 Meyerland Plaza Mall, Houston, TX 77096",Houston
549,Bank of America,"1905 W Gray St, Houston, TX 77019",Houston
550,Bank of America,"7620 N Shepherd Dr, Houston, TX 77088",Houston
551,Bank of America,"8400 Long Point Rd, Houston, TX 77055",Houston
552,Bank of America,"701 Town and Country Blvd, Houston, TX 77024",Houston
553,Bank of America,"9754 Katy Fwy, Houston, TX 77055",Houston
554,Bank of America,"2344 Hwy 6, Houston, TX 77077",Houston
555,Bank of America,"6310 N Eldridge Pkwy, Houston, TX 77041",Houston
556,Bank of America,"1111 Eldridge Pkwy #100, Houston, TX 77077",Houston
557,Bank of America,"1011 Federal Rd, Houston, TX 77015",Houston
558,Bank of America,"13331 TX-249, Houston, TX 77086",Houston
559,Bank of America,"6414 San Felipe St, Houston, TX 77057",Houston
560,Bank of America,"8110 W Sam Houston Pkwy S, Houston, TX 77072",Houston
561,Bank of America,"3704 Old Spanish Trl, Houston, TX 77021",Houston
562,Bank of America,"5801 East Sam Houston Pkwy N, Houston, TX 77049",Houston
563,Bank of America,"8108 Westheimer Rd, Houston, TX 77063",Houston
564,Bank of America,"1127 Edgebrook Dr, Houston, TX 77034",Houston
565,Bank of America,"5171 San Felipe St, Houston, TX 77056",Houston
566,Bank of America,"8773 Katy Fwy, Houston, TX 77024",Houston
567,Bank of America,"7770 Hwy 6 N, Houston, TX 77095",Houston
568,Bank of America,"4301 San Felipe St, Houston, TX 77027",Houston
569,Bank of America,"7455 Farm to Market 1960 Rd W, Houston, TX 77070",Houston
570,Bank of America,"7696 Katy Fwy, Houston, TX 77024",Houston
571,Bank of America,"2323 Clear Lake City Blvd #100, Houston, TX 77062",Houston
572,Bank of America,"1211 Gemini St, Houston, TX 77058",Houston
573,Bank of America,"9649 N Sam Houston Pkwy E, Humble, TX 77396",Houston
574,Bank of America,"11739 W Bellfort Blvd, Stafford, TX 77477",Houston
575,Bank of America,"3223 W Lake Houston Pkwy, Humble, TX 77339",Houston
576,Bank of America,"9710 Bissonnet St, Houston, TX 77036",Houston
577,Bank of America,"7500 Fondren Rd, Houston, TX 77074",Houston
578,Bank of America,"11200 S Gessner Rd, Houston, TX 77071",Houston
579,Bank of America,"5133 Bellaire Blvd, Bellaire, TX 77401",Houston
580,Bank of America,"9875 Blackhawk Blvd, Houston, TX 77075",Houston
